{
    "accuracy": 0.9976958525345622,
    "precision": 0.9988452655889145,
    "recall": 0.9976931949250288,
    "f1_score": 0.9982688978649741,
    "roc_auc": 0.9999814394993968,
    "cv_accuracy_mean": 0.9986825847567848,
    "cv_accuracy_std": 0.0012326916746876902,
    "cv_precision_mean": 0.9985221674876847,
    "cv_precision_std": 0.001970443349753698,
    "cv_recall_mean": 0.9995049504950495,
    "cv_recall_std": 0.000990099009900991,
    "cv_f1_mean": 0.9990117322403712,
    "cv_f1_std": 0.0009240322819126703
}